ID,query
398560,"Здравствуйте! Мне нужно обжаловать штраф. {{UL}} вынесла нашей организации штраф за несвоевременную оплату (девять дней просрочки) за негативное воздействие на окружающую среду. Мы планируем обратиться в районный суд для обжалования данного постановления. Имеются смягчающие обстоятельства. Скажите пожалуйста,  каковы шансы на то, что мы выиграем этот процесс? Спасибо"
404886,"клиент купил товар- он оказался бракованным. Хочет написать претензию, но не знает юридический адрес магазина. Знает только физический адрес"
402934,"Добрый день, подскажите, пожалуйста, при вступление в наследство несовершеннолетнего (15 лет) что нужно предоставить для опеки? какая оценка движимого и недвижимого нужна? Должны обратиться туда сами или все делает нотариус?"
386203,"Квартира 50 квадратных метра, доля одного собственника 1/8.
Данный собственник отказывается продавать свою долю друному собственнику.
За квартиру оплачивает собственник большей доли, он же хочет продать квартиру. 
Как можно продать асю квартиру или выкупить меньшую долю?
Данный,вопрос возможно решить например через суд или каким то другим способом?"
390937,"Ждали загранпампорт ребенку (первый) старого образца,не дождплись, пошли проверять в Белокурихе (там, где и подавали).По времени прошло месяц и 5 дней, нас отправили в Барнаул, там на следующий день полкчили паспорт. Аопро- модно ли получить компенсауию расходов в связи с несвоевременным получением и расходов на понздку в Барнаул из Белокурихи??"
389223,"Добрый день ! Скажите, пожалуйста , на основании трудового договора сколько можно находиться на территории РФ не делая заезд выезд ? Я гражданка Киргизии"
385983,"Я затопил соседей, у меня протек болт от туалета. Внизу коммунальная квартира. Пострадало два места - общее место и комната. Собственник говорит, что хочет 50 тысяч, я предложил 30 тысяч, она подумала и согласна. Что мне делать сейчас, какой документ написать, чтобы соседка не пошла в суд?"
391415,"Добрый день, имеет ли право инвалид 3 группы уволиться с работы без отработки?"
410293,Нападение водителя такси. Подтвержденные травмы. Написано заявление в полицию. Нужен адвокат
388007,"В конце ноября через интернет магазин, заказывали шкаф. Привезли разобранный шкаф доставкой, при сборке шкафа смотрели комплектацию - обнаружили, что каких-то деталей не хватает. И уже под новый год, делал заявку, чтобы довезли недостающие части. Но уже после нового года привезли не ту деталь, требовалась левая боковина шкафа, а прислали правую. Но контакт не шли, были одни отговорки. В феврале опять привезли не ту боковину. В марте так же привезли правую. Написал в апреле жалобу в Роспотребнадзор, нужна консультация. В начале мая привезли детали, и мы попросили у этой компании за свой счет сборку шкафа, но они до сих пор ничего не ответили."
395101,"Здравствуйте у меня перед как я в армию служить пошол  кредитная карта был там примерно минус 80 т рублей я оформил каникули на кредитку там проценти скапливаются или плюс если не оплатил проценти вовреми просрочка еше 
Что мне делать у меня нету возможности платит проценти даже какие деньги у {{UL}} может быт 
Из за этого у меня ночами не спится желание жить далше тоже пропало 
Посоветуйте пожалуйста что делать"
401839,"Хотели воспользоваться в г.Ставрополе программой ""Молодая семья"" в соответствии со статьей 51 Жилищного кодекса.У нас молодая семья из 3х человек. Супруга и ребенок. Взял квартиру в ипотеку до вступления в брак. Плачу с 2021 г. У нас 36,7 кв м. По решению думы от 2005 года г. Ставрополя нуждающимся считается семья где менее 12 кв м на человека. У нас 0,8 кв м больше. То есть по 12,23 кв м на человека. Это не значительно, однако в соответсвии с законодательством, нормативными актами и другими документами мы не попадаем в рамки нуждающихся и не можем стать на очередь и претендовать на сертификат 1,7 млн на расширение (покупку 2х комнатной квартиры). В регионе зарегистрированы более 15 лет, а в г. Ставрополь зарегистрировались: жена в ноябре 24 года в этой квартире, а я с сыном с июля этого года. Сын родился 11.06.2025 года. Есть ли законные способы, чтобы мы все таки могли подходить под данную программу ?"
398675,Требуется получить налоговые вычеты за стоматологию и ИИС
382306,"Оформил заказ на озоне на квадроцикл за 599 тысяч рубл и доставка 12 тысяч. оплатил все. Со мной связался продавец для уточнения данных для оформления договора купли продажи и оформления ПТС. Обьяснил условия гарантии которые меня не устроили и я отменил заказ на озоне. 599 тысяч вернулось,а за доставку нет. Озон говорит что при отмене заказа вы согласились с условием что доставка не возвращается и отказали. Как быть? услуга не оказана,денег не отдают"
405362,"Добрый день! Я являюсь созаемщиком кредита, это ипотека. Заемщиком является бывший супруг. По решению суда выделены доли между супругом, мной и тремя детьми, двое из них несовершеннолетние.
Вопрос: в размере какой суммы я должна вносить самостоятельно на погашение ипотеки?"
375664,"Здравствуйте я заказала 14 упаковок ламината на {{UL}}, который был доставлен 23.03.2025, мною 08.04.25 было обнаружено что 2 х упаковок не хватает, 11 упаковок привезли одним заказом, который я приняла лично пересчитав, второй заказ, который должен был состоять из 3х упаковок принял мастер, и ему отдали только 1 упаковку. У нас в доме стоит видео наблюдение, но запись камер храниться 7 дней. В решении вопросы {{UL}} отказал, и.к прошел срок рассмотрения 15 дней. Что делать в данной ситуации"
391871,"Добрый день, ук подала в суд для взыскания оплаты по жилищно коммунальным услугам. Квартира находится в новостройке где ук предоставляет услуги не качественно. Можно ли обжаловать решение мирового судьи и какие сроки для обжалования ?"
377065,"Добрый день! Нужна помощь в составлении  обращения в свободной форме в налоговую. В январе 2024 года состоялась продажа квартиры, купленной в 2016г. В 2023 выделены доли детям(Мат.капитал использовался) 
Согласно изменениям в законодательстве, срок владения устанавливается с момента приобретения родителем, необходимо подать в {{UL}} обращение в произвольной форме"
402827,"Необходима консультация по вопросу начисления платы за свет. У клиента есть в собственности кладовое помещение в ЖК. ЖК выставляет платежный документ с платой за свет, который начисляют по тарифу. Правомерно ли делать начисления по общему тарифу или ЖК должен был установить индивидуальный прибор учета? Кладовой клиент практически не пользуется."
402343,"Добрый день, у меня новостройка от ПИК в которой установлены лифты их дочерей компании. Лифты не работают чаще, чем работают. С учётом моего 23 этажа — это проблема. Причем такая же ситуация и в соседних корпусах нашего ЖК, а судя р отзывам, то и по всей России. УК отправляет в лифтовую компанию, те приезжают и перезапускают лифты. Иногда оперативно, иногда через несколько дней. Подскажите, пожалуйста, можно ли как-то заставить застройщика поменять лифты на нормальные или же отремонтировать их так, чтобы они работали как полагается? Какой план действий порекомендуете?"
410757,"Здравствуйте! Ситуация такая. Я ранее оплатил ,, мое дело,, в другом банке и практически не успел им воспользоваться, но прошел 1 месяц из 16 оплаченных и мне не хотят возвращать остаток не использованной части денег от общей суммы. Сказали так: вообще нет у нас так не принято, но если вы обратитесь к юристу и он все правильно объяснит вам что делать, то вполне возможно вернем почти всю сумму. Помогите пожалуйста. Спасибо."
384674,"Супруга выходит из отпуска по уходу за ребенком до 3 лет. В связи с тем, что в первом отпуске по уходу за ребенком до 3 лет появился второй ребенок, то суммарное количество лет отсутствия на рабочем месте составило 5.5 лет.
Через неделю 26 мая должен состоятся первый рабочий день. Супруга на прошлой неделе позвонила в отдел кадров с вопросом ""как происходит выход на работу"". На что начальник отдела кадров ответил - наша организация в настоящий момент не готова вам выделить работу. Проищите новое место для себя.
Как в таком случае общаться с работодателем?"
390445,"Здравствуйте,  у меня возник спор с исполнителем услуг .Год назад я снимала комнату для сотрудников на 3 койко места, оплатила заранее за месяц вперёд.Один сотрудник прожил 5 дней,  уехал , 2 других 3 недели . Была оплата залога 30 тр  , которую мне не вернули , и я не смогла воспользоваться оставшимися днями для заселения  других людей .."
375452,"Добрый день, скажите пожалуйста если я воспользуюсь деньгами с кредитной карты для покупки земли под строительство дома, это не повлияет на одобрение ипотеки?"
387552,"Здравствуйте. Я купил дом. Дом принадлежит мужчину, у которого есть законная жена. Когда мы оформляли документы, согласия  жену не брали. Сейчас эта ситуация стоит как спорные, а женщина согласна В этом случае какой документ мы должны оформить?"
404234,"Я в разводе. В браке были взяты дом и квартира в ипотеку. Дом оформлен на меня , квартира на бывшего мужа и мы являемся созаемщиками друг у друга. Я проживаю в доме, плачу коммунальные платежи и ипотеку. Бывший муж подал в суд на раздел по 1/2 дома и квартиры и признать общим его потребительский кредит, который был взят якобы на ремонт квартиры. Бывший супруг по своей ипотеке на квартиру с декабря постоянно имеет просрочки по платежам , что очень негативно сказывается на моей кредитной истории, а с апреля 2025 я самостоятельно плачу обе ипотеки, так как он вовсе перестал платить. На сайте судебных приставов я обнаружила,что по нему есть исполнительное производство за неуплату кредитных платежей кроме ипотеки в размере 1,2 млн, у него арестовали карты. Я бы хотела подать встречный иск , чтоб дом и квартира остались за мной , а я ему выплатила бы компенсацию того , что было выплачено в браке. Брачного договора нет ,личных средств не никто не вкладывал, договариваться не получается."
403369,"Здравствуйте! Квартира приобретена в ипотеку в 2022 году, я единственный собственник. В 2024 заключен брак. В 2025 родился ребенок и на ипотеку закинут мат капитал. Вопрос, какая хронология действий должна выполниться для продажи этой квартиры? Можно ли выделить заранее ребенку доли в другой квартире для быстрого решения вопроса с опекой и разрешением на продажу квартиры?"
397923,"К моей предпринимательской деятельности привязаны 2 системы налогообложения: УСН и ПСН. По факту в течение немалого времени использую ПСН как более выгодную для меня. УСН - просто по умолчанию, от которой никуда не деться. Система {{BANK}} в с связке с сервисом ""Бухгалтерия для ИП"" знает про УСН. Всю мою выручку относит именно туда. Чтобы использовать ПСН, {{BANK}} навязывают подключение платного аутсорсинга за стоимость, не сопоставимую с трудозатратами. Мое решение: вести бухгалтерию самому. Ответ банка: невозможно отключить сервис ""Бухгалтерия для ИП"". Возможные последствия: {{UL}} получает разнородную информацию от меня и от банка, что может повлечь ущерб для моего учета, деятельности и репутации. Вопрос: как быть в такой ситуации?"
410602,Приобретена недвижимость в Грузии. Срок сдачи нарушен. Можно ли требовать неустойки?
390985,"в декабре 2024 года согласовал замену лобового стекла машины по гарантии. СТО пригласило на замену в мае. В мае машина была на ремонте по {{UL}} в этом же СТО, о чем я им и сообщил. пару дней назад сообщили о завершении работ по {{UL}} и пригласили забирать машину. Когда я спросил про стекло, ответили, что заявку закрыли, потому что я не явился на ремонт. Вопрос: кому направлять претензию по поводу не исполнения гарантийного ремонта - СТО или диллеру, у которого покупал машину?"
377622,"Одобрена семейная ипотека, собственником участка являюсь я и супруг. Банк выводит из сделки. Если земельный участок продать, а муж оформит на себя и будет, владельцем только муж. Какие риски в такой сделке? {{BANK}} может отказать?"
393933,"Здравствуйте, сдавал гараж в аренду гражданину РФ, в 2022 году арендатор пропал оставив старый ненужный автомобиль. Без документов. Как я могу избавиться от чужого имущества?"
392418,"Переоформление квартиры на дочь: способы, нюансы, риски"
395971,Добрый день. Нужна помощь в обжаловании штрафа за перегруз грузового авто.
373412,"Добрый день!
Меня зовут *** . И у меня вопрос по ситуации с детским садом после вакцинации ребенка. 

Ситуация:
1) Дочка сделала вакцинацию от полиомиелита живой вакциной. Уведомили об этом воспитателя. Воспитатель говорит, что дочка должна быть изолирована от других детей дома. 11 детей из группы не привита и не могут их изолировать. Как возможный вариант, предлагают дочке перейти в младшую группу.

Поискав информацию в интернете, понял, что это незаконно и моего ребенка не должны изолировать. Насколько это корректное поведение сада?

2) Так же в нашей группе введен карантин по ветрянке.
Карантин был объявлен с 24 марта по первому  случаю заболевания. Дочка не ходила в сад с 21 марта.
Повторный случай возник 31 марта и введн повторный карантин на 21 день.
Теперь воспитатели говорят, что не могут перевести дочку в другую группу, пока действует карантин по ветрянке.
Насколько это законно и с какого момента должен отчитывать срок, когда дочь не может быть переведена в другую группу?"
379796,Здравствуйте мне нужно консультация по миграционныму вопросу я прибыл в Россию 08.04.2025 а мне дали на эгзамен 13.05 2025 числа мне надо будет съездить на грануцу или нет а прописку сделали на 3 месяц
402857,"украли 23 августа 2023 году у меня станок металлообрабатывающий.
есть документы на на покупку станка, стоимостью 250 000 руб., куплен в начале декабря 2020 года.
имеется видео вывоза и данные человека который это сделал (***)
в середине декабря 2020 было зарегистрировано ооо {{UL}}"" совместно с *** который являлся гендиректором.

{{UL}} отказывается проводить проверку и возбуждать уголовное дело мотивируя это гражданскоправовыми отношениями между мной и ***.
станок это моё личное имущество, было приобретено лично мной переводом на карту продавца, до образования ооо, в пользование ооо я не передавал станок.


 станки за это время подорожали, в данный момент стоят более 500 000 руб.
нужна помощь в оценке станка на момент кражи, чтобы продлить срок исковой давности.
и помощь в возбуждении уголовного дела и привлечении придчастных к краже к ответственности"
409371,"Клиент хочет продать квартиру, в собственности квартира 4 года, но это не единственное жилье."
374746,"Штраф за парковку 5000р, хотя была оплачена в приложении."
395157,Я ИП. Сдал в аренду грузовик ООО. Пришли штрафы за перегруз.  Как и в какой форме обжаловать?
379330,"Добрый день! У меня потребительский кредит в {{BANK}}, была просроченная задолженность в течение нескольких дней, на протяжении всех дней поступали звонки из банка, больше 5 раз в день и даже после погашения задолженности, звонки продолжаются, за сегодня уже их было 5, тем самым со стороны банка нарушены права потребительского кредита. Вы можете оказать помощь в составлении жалобы на ПАО {{BANK}}?"
405146,"Хочу открыть ИП в {{BANK}}, по оквэду 64.92 . Имею ли на это право по упрощенке, и не противоречит ли данный оквэд налоговому законодательству?"
396769,"Хочу приобрести автомобиль ,который был куплен ИП ***,может ли мне его продать *** как частное лицо,а не ИП"
398795,"Здравствуйте, нужен ли эквайринг для ИП {{UL}} и развлечений"" при условии, что годовая выручка ниже 5 000 000 рублей?"
402666,"Пришел штраф, но это не мой автомобиль,  и вообще этот гос номер висит на другой машине."
391619,"Эмитент объявил технический дефолт по облигации, мои дальнейшие действия? Требуется уточнить руководящий документ."
382171,"Добрый день! Подавал декларацию на вычет за медицинские услуги и добровольное страхование жизни за 2024 год. Пришел отказ с указанием кодов ошибки и объяснениями, недоступными для понимания среднестатистического человека. Нужна помощь. Документы находятся на компьютере. Могу переправить на почту. Декларации подавались отдельно на мед и страхование."
404560,"Добрый день! Хочу получить уридическую консультацию. Хочу купить дом с участком в Московской области. Продавец отправил мне ЕГРН на землю и на дом. В ЕГРН на дом прописано много собственников. Я хотел бы обсудить этот момент и какие у меня риски. Хотел бы, чтобы вы посмотрели ЕГРН и дали свою оценку."
374045,"Необходим образец искового заявления, сумма госпошлины и какие документы и копии приложить: необходимо подать на уменьшение размера алиментов по двум детям; сейчас по суду присудили 1/4 один ребенок и 1/4 второй ребенок (на руках есть оба решения); должник хочет подать в суд на раздел 33% пополам на детей"
375372,"Здравствуйте! По мне велось ИП, по кредитам, взыскали больше положенного, не уведомляли, что есть положительное сальдо, оно у меня отобразилось лишь в госуслугах, что есть переплата в 18000. Подал заявление на ходатайство, где было признан факт переплаты и написали, что вернуть деньги. Денег до сих пор нет спустя 9 дней, после вынесения постановления об удовлетворении заявления. Как вернуть деньги? Не сомневаюсь, что переплата есть и по другим долгам, но информацию не предоставляют."
388303,Добрый день. Вчера в нас вьехала фура при выезде на кольцо и водитель заявил что мы сами под него залезли но мы стояли пропускали помеху так как кольцо было главным. Инспектор принял сторону водителя фуры и у нас планируется дознание. Видеорегистратор у нас отсутствовал а у водителя фуры типа был выключен. Какие у нас шансы отстоять нашу позицию? Чем грозит признание вины? У нас КАСКО.
404143,"У меня имеется диагноз ХМЛ, установлена инвалидность 2 группы. Сейчас по медицинским документам имеется отрицательная динамика и мне рекомендована консультация в НМИЦ {{UL}}. Я готов самостоятельно обратиться в данное учреждение, но не могу из-за своего графика работы. Как я должен посетить врача, если мне не предоставляют больничный"
393946,"Добрый день. Подскажите, пожалуйста, правомерно ли взыскание пени по алиментам, если алименты платит работодатель по ИЛ? 
Ранее пени были присуждены {{UL}} и погашены за период, когда была недоплата по алиментам. 
Сейчас платежи проходят ежемесячно без задержек."
385475,"Добрый день, получил штраф за парковку в неположенном месте. Знаков и условий запрещающих нет, штраф пришел с камер при объезде на районе."
381064,"У меня вопрос , я собственник квартиры прописала человека с ребенком, как я могу выписать ее из квартиры она ни чего не платит по квартире, все плачу я."
383092,"Есть частный дом на территории новой Москвы, населенный пункт, деревня, ИЖС, вокруг дома промышленная зона. На одном из участков пром.зоны другой собственник начинает отсыпать свой участок, делать планировку на 3 м выше моего участка. Имеет ли право он это делать? Куда жаловаться и как грамотно пожаловаться? С другой стороны сосед поставил забор 4 метра над уровнем земли. Насколько я знаю, это тоже запрещено."
377194,"Произошло затопление моей квартиры. В акте управляющей компании виновником указан арендатор квартиры над моей (откручивания кран Маевского на батарее, отломил его). Собственник живёт в другом регионе и утверждает, что батарея с краном является общедомовым имуществом и ответственность на управляющей компании. Выяснить наличие запорных кранов на батарее не могу. Вопрос: в какой суд и к кому предъявлять иск: к арендатору или собственнику?"
396745,"Добрый день. У нас случилось такая ситуация, нас затопили соседи с верху, затопило все, кухню,прихожую, клиент согласился выплатить ,как нам правильно юридически оформить ? На тот случаи если он в дальнейшем откажется либо платить? Либо нам лучше подать в суд?"
376487,"Добрый день! Мне нужна помощь по следующему вопросу: у меня есть дом, владение им моё с супругой совместное. При оформлении договора на его аренду в качестве собственника мы оба должны выступать или возможен вариант, что кто-то один?"
403947,"Нужна консультация по получению налогового вычета по ИИС. 
{{UL}} не выставляет заявление на получение вычета в упрошенном порядке. Банк-брокер прислал документ о том что отчет передан в {{UL}}. 
По счету было несколько зачислений в разные годы на общую сумму 400 тыс. 
Счет закрыт в феврале 2025 года 
Брокер подтверждает по что вычет положен, но {{UL}} не видит отчет"
391451,"Здравствуйте, вопрос по бездействию судебных приставов. Имеется исполнительное производство, затем пристав его прекращает, на мои ходатайства через Госуслуги приходит ответ ""Отказано в подтверждении полномочий"""
402996,Понимание ответственности за неучастие в судебном заседании в качестве присяжного
398585,"Добрый день, необходима консультация. Возможно защита репутации человека , когда выкладывают в городские паблики в телеграмм недостоверную и клевещущую информацию. Как быть в таком случае, как требовать удалить пост и как привлечь к ответственности ?"
400711,Добрый день! Сделка по покупке квартиры оформлена на мою несовершеннолетнюю дочь 2008г рождения ( ей 17 лет и она не работает еще ) с моего согласия и за мои средства. Имею ли я  право на налоговый вычет?
374217,Здравствуйте! Не успел вовремя подать справки 2НДФЛ и КТК по Арической ипотеке МЕНЕДЖЕРУ В ДОМКДИК МНЕ ПОВЫСИЛИ СТАВКУ по процентам.Как вернуть предедущею ставку по платежам?
378721,"У меня есть личный электросамокат, но нет на него прав. Я ехала по дороге, меня остановила полиция и забрали. Это было год назад. Как забрать самокат?"
396563,Здравствуйте Я являюсь гражданином Узбекистана сейчас нахожусь в России хотел бы подать гражданство РФ какие документы нужен мне собрать и куда обратиться чтобы побыстрее это получать
402647,"Моя сестра отправила код подтверждения для входа от Госуслуг мошенникам. Теперь ей приходят смс об одобрении микрозаймов. В Госуслугах есть элетронные подписи, нужно ли их удалить?"
385657,"У машины в апреле кончилась гарантия, в декабре месяце обратился по замене лобового стекла по гарантии, все согласовали. Но я не смог приехать, хотел обратится сейчас на замену но мне отказывают потому что гарантийный срок кончился. Говорят что надо было приехать в течении 45 дней. Теперь если заявку делать заново то я уже не нагорантии."
410878,"Добрый день.
Я паркуюсь на стоянке уже много месяцев.
Ставил машину там каждый день.
Сегодня случайно увидел шраф от 22.08.2025 за парковку без оплаты. Я не помню, чтобы на тот момент виселя информация на столбах, что парковка стала платной. Сегодня приехал посмотреть, сейчас надписи на столбах есть.
У меня нет фото 22.08.2025.
Как мне оспорить шраф в этой ситуации? Можно стоянку запросить отчет об установленных знаках?"
384372,"Был капитальный ремонт в доме, по программе Президента. В результате потрескались стены. Региональный оператор не желает возмещать ущерб. Как взыскать ущерб?"
407678,"Добрый день. Можно ли получить налоговый вычет с покупки квартиры в 2024г., купленная для Матери, являющейся неработающей пенсионеркой ? Я официально трудоустроен и имею прописку у неё. 
Можно ли рассчитывать на налоговый вычет если мне оформить право собственности на долю в недвижимости? И если да, то сколько составит налоговый вычет ?"
392725,"Здравствуйте!

Сейчас я заключаю договор с управляющей компанией ({{UL}}) как новый собственник, и меня смущают его условия.

Там сразу же заключается доп соглашение, меняется половина пунктов, в каком-то месте дом меняется на неправильный.

Можно ли получить консультацию по тексту и вместе обсудить, что стоит в этом случае делать?"
389908,"Здравствуйте. 
На территории нашего коттеджного посёлка (земля для ИЖС) находится 13 жи-лых домов, построенных 20 лет тому назад. Тогда же создано {{UL}} из 13 чле-нов. Собственником нашего дома и, соответственно членом {{UL}} на тот момент, была моя дочь. В то же время на земле, принадлежащей {{UL}}, 10 человек за свои собственные средства построили строение (бассейн), пользовались им и несли расходы по его содержанию. Три человека (в том числе и моя дочь) не участвовали в этом строительстве и не пользовались бассейном. Строение не было зарегистрировано, существовало нелегально и оставалось незарегистри-рованным до настоящего времени.
 Все взносы и сборы за содержание общего имущества (дорога, охрана, уборка территории, обслуживание систем водопровода и канализации, пожарных гид-рантов и т.д.) оплачиваем регулярно.
Сейчас, эти 10 человек (они являются членами {{UL}}) приняли на общем собра-нии решение о регистрации бассейна на {{UL}}, так как он находится на земле, принадлежащей {{UL}}, хотя {{UL}} не фин"
402374,"Здравствуйте! Опять я по вопросу больничного листа. Я уволилась 30 мая 2025г.. больничный лист с 25.06. по 28.07.никто не будет оплачивать, потому что я данное время уволилась. Верно?"
391038,"При покупки автомобиля с аукциона , помимо оплаты в организацию  за машину, будет ли налог с меня дополнительно именно за покупку?"
376039,"Добрый день! 
У меня еще один вопрос если мигрант закончился разрешение может ли до 30 апреля не выходя из страны получить документы и спокойно жить и работать дальше?!"
381086,"Добрый день

Прошу оказать юридическую поддержку по спору с ПАО «{{UL}}» в связи с незаконным односторонним расторжением четырёх договоров лизинга и изъятием имущества. Задачи:

1. Проанализировать правовую обоснованность уведомлений о расторжении договоров № AA000717640, АА014793566, AA052814960 и АА044887533.  
2. Оценить позиции сторон с учётом уплат лизинговых платежей, предложения выкупа (исх. № 1103/1 от 11.03.2025) и отсутствия ответа Контрагента.  
3. Разработать план действий: претензионное письмо, исковое заявление, расчёт требований по возврату автомобилей и компенсации убытков.  

Пожалуйста, укажите ориентировочные сроки подготовки заключения и стоимость ваших услуг.

С уважением,  
***, директор ООО {{UL}}"
407928,"Добрый день.
Женюсь на днях, имею несколько банковских вкладов и брокерские счета. Какие есть варианты обезопасить себя от ситуации дележки этих накоплений в случае развода? Все накопленное было накоплено до брака.
Спасибо
Прошу писать в чате"
376034,"Здравствуйте, подскажите, пожалуйста, может ли супруг вернуть 13% с моего лечения, при этом оплата проходит через мою карту , а не его ? 
Или он должен все платить своей картой?"
407938,"Здравствуйте, вопрос такой я взял ипотеку на строительство по гос программе деньги находятся на эскроу-счете. Застройщик не может соблюсти сроки по строительству (ещё не приступил к работам) и просит допсоглашением продлить срок на апрель следующего года (начать стройку), хотя должен по договору закончить 26 февраля 2026. Могу ли я сменить застройщика ?"
404292,"Какую позицию лучше занять продавцу недвижимого имущества (дома) в ниже описанной ситуации? 
Продавец (физическое лицо) продает двухэтажный кирпичный дом забыв указать что на нём в одном месте с верхней части от крыши и до пола второго этажа (по вентиляционному каналу, то есть там где полость внутри, не сплошной кирпичь) имеется трещина толщиной 1-2 мм, образовавшаяся при усадке дома. Трещина эта не влияет на прочность дома, скорее носит декоративный дефект, однако при этом с внутренней части вентканала тоже проглядывается (если снять плитку, на стене внутри дома). Но все-таки при продаже дома он в суете это не сообщил. 
Вопросы:
1) Как лучше защититься от возможных требований покупателя расторгнуть сделку или требования компенсации?
2) имеет ли законное право покупатель требовать расторжения сделки ил  существенной компенсации через суд? Точнее встанет ли суд в этом случае на его сторону? 
3) является ли это скрытым дефектом, отсутствие которых обычно указывается в договоре?"
395052,"У меня на выходных ребенок прищемил пацец, отслоился ноготь. Поехали в больницу, они передали сведения в полицию. Теперь нам звонит следователь и просит приехать, дать показания.  Какие могут быть последствия?"
406551,"Здравствуйте.
Получил от ИФНС Уведомление № *** вызове свидетеля в налоговый орган для дачи показаний. В ООО {{UL}}"" я единственный учредитель и директор. 
Вопросы:
1. Правомерно ли меня вызывать таким образом? Какой я свидетель, я же *** отец. И что за повод, в связи с проведением мероприятия налогового контроля, вне рамок? 
2. Что я могу сделать, чтобы ничего не делать? Могу я отказаться по ст.51 Конституции?
3. Реальна ли ответственность для меня, предусмотренная статьей 128 Кодекса? И что это такое вообще?"
380711,"Добрый день. У меня произошло списание денежных средств по решению суда. Хотел бы понять, что это за списание и за что. 
Номер дела: ***
Судебный участок 229 района Чертаново Центральное
города Москвы

Спасибо."
404442,"Здравствуйте!
Вопрос по имуществу. Была куплена квартира в собственность на меня, в ипотеку, с привлечением родительского капитала в качестве первоначального взноса. В этот момент я была не замужем, но жили совместно с мужчиной. Через год был оформлен брак. В течение нескольких лет была погашена ипотека.
 Вопрос, имеет ли право на эту квартиру муж, если будет раздел имущества?"
377559,"Добрый день!
Необходимо заполнить 3ндфл для уплаты налога на дарение недвижимости и получения налогового вычета за обучение"
399956,"Отдал ноутбук в ремонт, оплатил услуги, а его там потеряли. Интересует, на какое возмещение я могу рассчитывать"
374714,"Здравствуйте. Я сделала кавер на русском языке на иностранную песню. А также видео из студии, когда я записывала песню. Я так понимаю на площадках яндекс музыка, сбер звук и пр, т.е где монетизируется размещать я его не могу из-за авторских прав. А вот на своей личной страничке в контакте или в общем чате я могу песню/видео разместить? Спасибо."
391584,"Мне нужен брачный договор, по которому имущество купленное в браке являлось собственностью супруга или супруги, который купил это имущество"
395199,я хочу открыть новую ООО. состав участников три физических лица. мне нужен список документов (устав  и т д  - с образцами основных документов) и объяснить механизм регистрации ООО
398049,"Здравствуйте! У меня такая ситуация: в браке преобретена квартира, выделены доли по 1/3 на меня, бывшего супруга и старшую дочь (после покупки кварттры родились еще двое детей). В настоящее время в разводе, нужно было продать квартиру, но оказалось, что бывший супруг начал процедуру банкротства. Можем ли мы продать квартиру и что для этого нужно? Арестуют ли счет? Или арестуют только его (бывшего супруга) денежную долю? Какие то варианты есть?"
386130,"Мне нужна консультация по вопросу подачи уведомления в РКН. 
Интересует конкретно:
1. нужно ли подавать разные уведомления, если у меня несколько компаний - то есть на каждую компанию свою, либо можно одно уведомление, сразу на все компании? Виды деятельности отличаются, соответственно, тип персональных данных и порядок сбора - тоже. 

Если можно, то как это сделать и можно ли это сделать через {{BANK}}. 
2. Что необходимо писать в графе «способы защиты перс данных»? Конкретно, какие способы бывают (кроме антивируса)"
376756,"Вчера произошло ДТП, есть осаго. Второго виновника нет.
Ехала по набережной. Наехала на люк {{UL}}, который находился на проезжей части. Он был на своем месте, но при наезде на него, он подпрыгнул  и нанес ущерб машине. Полиция составила протокол. Как мне быть? Куда обращаться, чтобы возместить ушерб?"
387833,"Какие санкции на меня могут наложить и в какой срок, если не уплатить налог с продажи квартиры до даты указанной в {{UL}}? Например налог 1.000.000"
395369,"Как подать на алименты на ребенка на фиксированную сумму в размере мрот , отец ребенка официально не работает"
384845,"Здравствуйте. Я бы хотела получить консультацию по покупке квартиры, которая была ранее приобретена за счет средств маткапитала. Какие мои риски в данном случае? На что следует обратить внимание?"
389632,"Здравствуйте, планируется продажа жилья, где у меня 1/3, а у моего бывшего мужа 2/3. Мы оба согласны на продажу, но у бывшего мужа нет времени заниматься всеми нюансами по продаже.  Хотелось бы узнать, есть ли возможность, чтобы мы продали квартиру без присутствия моего бывшего мужа?"
408834,"Раздел имущества при разводе. 2 года назад развелась с мужем, муж проходил службу по контракту и во время этой службы заболел и получил группу инвалидности, получил выплаты и мы браке приобрели дом и квартиру. Договорились в устной форме, что дом ему ,а квартира дочери, а сейчас когда разъехались он хочет отсудить квартиру. Как это все может проходить?"
382373,"Можем ли мы вычесть 1 млн рублей с суммы продажи собственности чтобы уменьшить налог, если на момент продажи не были официально трудоустроены ? Но ранее трудоустройство было"
375965,"Добрый день.  В результате эксплуатации личного грузового автомобиля я получил штраф от системы ""Платон"" . Баланс счета в системе "" Платон"" был положительным !!!! . Я уже направил жалобу на постановление в {{UL}}, так как не согласен. Жду рассмотрения."
409227,"Есть цех-земля (здание и земля), сейчас получаю на него документы, но он на троих, оформлен на меня одного, а мне нужно сделать так, чтобы было 3 собственника, без выделения долей, а просто, чтобы была долевая собственность по 1/3 на землю и по 1/3 на здание. Как это лучше сделать?"
402080,"Не переселяюсь из аварийного жилья, так как течет крыша в квартире, что дали для проживания. То, что течет крыша увидела после заключения договора купли. Управляющая компания обещает ремонт кровли в 2026 году."
384299,"Добрый день. Интересует консультация по защите прав потребителя. Ситуация спорная и не приятная с площадкой {{UL}}. Ввели новые правила получения заказа, а именно это просмотр вещи на камеру, на наличие дефектов, брака и тд, и моментальный возврат ее сотруднику при наличии этих самых дефектов. Произошла ситуация, я при получении заказа осмотрела джинсы на камеру, дефектов и брака на них не было, упаковка и бирки не повреждены, но позже оказалось, что пришла не та модель(на джинсах {{UL}} она прописана на поясе), в примерочной это обнаружилось, позже я соответсвенно это сообщила сотруднику, на что та отказалась принимать возврат. Законно ли это вообще, и почему ответственность возлагается на конечного покупателя, а не проверяется самой площадкой? Такие же неприятности и с обувью. При возврате обувь не принимают с пыльной подошвой, примеряем на их же коврах иногда грязных, и так же отказываются. Хочется понять грань закона и что можно сделать и как вести себя в этой ситуации."
376496,Подготовка декларации и оформление вычета за приобретение недвижимости.
386211,"Добрый день! 
Мне подарили сертификат в интернет-магазин акушерство.ру на 50000 руб. Я использовала около 8000р, но в декабре 2024 г магазин объявил о банкротстве и закрытии. Закрылся буквально за 2 недели. Я не видела это сообщение, поскольку они широко об этом и не информировали. 
Подскажите пожалуйста, могу ли я вернуть деньги по сертификату уже закрытого магазина?"
402124,"Наложили арест на счет. Я отменила решение суда, получила постановление об отмене. Как мне передать в суд документы для снятия ареста, тк ИП у пристава нет. Судя по всему истец сразу в банки обратился с исполнительным листом. Какой порядок сейчас моих действий для снятия ареста?"
407457,"Пришла налоговая проверка. Вопрос нужно ли было заполнять налоговую декларацию по переходу части земельного участка другому лицу после перераспределения земельного участка, если стоимость составила менее 1 млн. рублей."
397491,"Прошу передать обращение ***.
***, получил опр-е об отмене судебного приказа. Какие мои шаги для возврата списанных денег? Где и как узнать, какой пристав ведёт дело? Дело # *** от 27.11.2024. Спасибо!"
406015,"Бывшая супруга стала получать алименты в отделении почты, с меня удерживают сборы за почтовые услуги, можно чтоб она оплачивала их, так это ее желание. До этого получала на карту банка"
388435,"Добрый день
Просьба уточнить дальнейшие действия. 
Я направил заказное письмо с описью на адрес, который был в договоре (ну и в самой претензии). Сегодня мне пришел ответ, что почтовый адрес изменился. При этом, было подтверждено что претензия принята по скану и юрист собственника готовит ответ. Скрины переписки могу приложит. 
Ответ же должен быть в десятидневный срок?"
399006,"Девочка инвалид 11 лет после ДТП, легкая умственная отсталость вариант 1, не можем устроить по месту проживания, в коррекционную школу или класс. Обращались в школы, {{UL}} образования Красноярского края, главное управления образования г. Красноярска, ответ один в коррекционной школе мест нет, а в обычных школах нет коррекционных классов.
 Что делать? Позвоните пожалуйста ***
"
406533,"хочу купить недвижимость, недвижимость находится в аренде у государства, имею ли право его приобрести? Недвижимость в пром назначении. Продажа идёт под расписку, как правильно составить?"
403169,"подготовить претензию к дорожникам и администрации, из-за которых попала в дтп, заявления в {{UL}}."
395442,"Добрый день. Нужно составить досудебную претензию. Расторгнуть и вернуть оплаченную по договору сумму 385 тысяч р. агентский договор №9/25 от 15.05.2025 г. произвели оплату 385 тысяч рублей по договору. Дистрибьютор сделал 1 небольшой заказ и дальше работа не происходит. На 250 т рублей по договору я отправляла Акт работ. Подписывала данный акт с помощью программы на телефоне, скан с подписью и печатью подписанный правильным способом агенту не направляла. Есть переписка в ватсапп с агентом о том как подписывала акт без печати и подписи методом наложения на Акт, что направил агент. На остальную уплаченную сумму не подписывался акт, не направлялся чек на оплату от агента."
394167,"Я прописан в квартире в которой не живу с 2014 года, второй человек в ней не платил за квартиру, сегодня пришел арест, хочу снять арест, хочу чтобы деньги вернули"
398528,"08.07. я перешла на патент с количеством работников 5 человек. 08.07 я приняла на работу 4 человека сотрудников. Вопрос: мне обязательно нужно принять 5 сотрудников или можно работать и с меньшим количеством сотрудников? И если в течение периода на который я взяла патент будет большее количество сотрудников, чем 5, что мне необходимо будет сделать и в какие сроки?"
396894,"16 мая 2025 года мой автомобиль находился на парковке, оплата которой
производилась посредством отправки SMS-сообщения с номера телефона ***.
Время пребывания автомобиля на парковке составило 1 час 50 минут. Первый час
стоянки был своевременно и правильно оплачен, подтверждение этому —
сообщение, представленное на прикрепленном изображении. Оплату второго часа
осуществить сразу не представилось возможным вследствие технического сбоя
оборудования (вероятно виной послужило временное отключение связи). После
устранения неисправности второй час также был оплачен, что подтверждает
соответствующее SMS-извещение, отображенное на втором прикреплённом снимке
экрана. Таким образом, полная стоимость парковки была внесена мной, однако с
небольшой задержкой, вызванной техническими проблемами системы оплаты."
374091,"Вопрос по налогам. 
Меняем коттедж на квартиру. 
Без доплат. Налог мы должны заплатить?"
401133,Может ли гражданин Казахстана зарегистрироваться как налогоплательщик?
410795,"Здравствуйте. Такой вопрос,у меня ребенок инвалид. Я читала что есть программа получения недвижимости таким семьям. Что для этого необходимо ?"
398654,Получил на почту заявление о вынесении судебного приказа о взыскании задолженности по перечислению взносов за квартиру за капитальный ремонт.
405017,"Есть ли льготы детям, которые воспитывались одним из родителей, при поступлении в вузы?"
375503,"В 2020 году оформлена ипотека через Дом клик. Я являюсь индивидуальным предпринимателем и работаю по УСН. Хочу оформить налоговый вычет из суммы покупки жилья или налоговый вычет из процентов оплаченных за год по ипотеке. Могу ли я получить, как ИП вычеты? Какие документы нужны? В какой отдел {{UL}} нужно подавать документы?"
401423,"Сын продал квартиру и его деньги мы планируем положить на {{BANK}} счёт.не будет ли это  моим доходом, который подлежит налогообложению?"
404824,Не оплачивают оставшуюся сумму от оказанных услуг уже 5 мес. Есть только счет и акт по услугам. Возможно ли получить оставшуюся сумму минуя суд или уже черед суд ?
374764,Необходимо составить декларацию для получения налогового вычета за проценты по ипотеке и приобретение жилья.
392499,"Побили мою машину, {{MILIT_SIGN}} посчитала сумму возмещения. Нашли, кто побил. Мне нужно узнать, могу ли подать за моральный ущерб и утрату товарной стоимости"
400539,"Добрый день! Планирую устроится по совместительству. Хочу проконсультироваться по данному вопросу. Можно ли оставить основное место работы с кэф 1 (полная занятость) и работать еще в одном месте на небольшую ставку дополнительно, оба трудоустройства официальные. Заранее спасибо"
410234,"Добрый день!
Ситуация такая родственник не сделал страховку недвижимости(в ипотеку) и у него платёж по кредиту виросло в два раза , и его юрист ( я с ним разговаривал по телефону , по голосу очень молодой) банк посоветовал ему добавить человека с ИП который может подтвердить доход. Во всем этом меня смущает только то что юрист просит сведения об ""егрн"" справку о доходах ИП .
Он (юрист ) уверяет меня что нечем не рискую. Что вы скажете я рискую или нет ,я в первые с таким сталкиваюсь.
(Я хочу помочь родственнику)
"
383264,"Товарища посадили в СИЗО, идет разбирательство, грозит от 1 до 10 лет. У него две ипотеки и большой потребительский кредит на 6,5 млн руб. Как ему лучше поступить в такой ситуации: подать на банкротство или просто не платить кредиты?"
394207,"Куплена недвижимость в г Зеленоградск Калининградской области, планируется объединение сан узла - снос стенки между и снос подоконника на кухне, есть выход на балкон 
Вопрос - нужно ли узаконивать официально и  чем грозит НЕузаканивание этих перепланировок?"
395159,"Добрый день! Был залив по вине управляющей компании, соглашение о возмещении ущерба подписали 14.04. Срок выплаты в соглашении - 30 календарных дней. До сих пор не выплатили и игнорируют с вопросами о сроках выплаты. Нужна помощь с получением выплаты от них"
394589,"Я купила недвижимость. Меня обманул риелтор, он дал неверную информацию. Сказал, что в Лопатино имеется поликлиника, больница, {{BANK}}. По факту ничего там нет, только два банкомата в магазине. Я бы хотела отказаться от услуги этого риелтора, так как меня не устраивает его информация, он не имел право меня обманывать. Как можно легче, быстрее отказаться от его предложений?"
373783,ИП Хочет сдать в аренду с/х участок в безвозмездное пользование юридическому лицу. Можно ли сделать так на законодательном уровне? Не будет ли претензий от {{UL}}? Необходимо составить договор
373672,"Лишили прав в 22г, получил гражданство РФ, и ушел на {{MILIT_SIGN}}. Есть указ президента, что права должны вернуть, раз есть награда и {{MILIT_SIGN}}. Но права новые не делают, а просят пересдать. Законно это, и что делать?"
384196,"Сын 15л купил Пит байк мотоцикл, ездить по лесу, это разрешено 
Мотоцикл стоял у мужа в гараже, муж решил доехать до магазина, его остановили ГАИ в нетрезвом состоянии и забрали технику 
Как я могу забрать мотоцикл, ведь это не собственность мужа"
401730,"Здравствуйте 
Возникла следующая ситуация 
У меня умерла мама, есть брат - ему 10 лет.
Я не планирую забирать ребенка к себе.
Вопроса два. Как обустроить жизнь ребенка так, чтобы он находился в специализированном учреждении и я могла его навещать или можно ли оформить на него опеку друзьям мамы (не родственникам). 
Вопрос сюда же 
Есть двухкомнатная квартира с очень плохими условиями для жизни.
Ранее эта квартира была комунальной и наша была только 1 комната, собственником комнаты являюсь я. Далее с использованием мат капитала купили 2 комнату и там 1/3 моя и 2/3 брата. Квартира повторюсь в плохом состоянии. Я хочу ее продать, как мне в будущем без проблем это сделать?"
374391,"Здравствуйте. Я с вопросом по защите прав потребителей. 
Получил отказ от продавца принять по гарантии кроссовки. 
Суть вопроса отразил в скриншоте. 
Смысл в том что я купил кроссовки найк оригинальные у «{{UL}}» ещё в ноябре 2023г, а уже ровно через год в ноябре 2024 один из кроссовка испортился, однако я обратился в марте 2025 (со ссылкой на 2х летнюю гарантию, т.к. куплен по «старому закону)"
405307,"Не родной отец ребенка на {{MILIT_SIGN}}, может ли ребенок пользоваться льготой, бесплатно посещать детский сад?"
404037,Подготовка договора займа процентного между двумя физическими лицами  с залогом покупаемого автомобиля
406925,"Добрый день! Вопрос о замене миграционной карты без выезда. Последняя миграционка 2019 года, по нему подавал на рвп. Сейчас планирую снова подать на рвп, но могут отказать из за старой миграционки. Прошу вас помочь, так как у вас указано что есть замена без выезда. Гражданин Узбекистана. Не имею судимости либо административных нарушений. Женат на гражданке РФ и имею 2х совместных детей граждан РФ"
377633,"В 2020 году приобрел земельный участок 7 соток у продавца, которому отец подарил в 2016 году этот участок. В 2025 году подошел этот продавец и сказал, что первая жена у отца, с котором они развелись, обнаружила договор купли-продажи между отцом и товарищем. Договор купли-продажи не составляли, писали расписку, договор дарения. Жена сейчас просит всё вернуть обратно, так как это совместно-нажитое имущество, подала в суд. Я уже на этом участке построил дом. Как сейчас мне быть?"
395124,"После смерти родственника, получили наследство, включая долг по кредитной карте. Должен ли человек, вступивший в наследство оплачивать проценты по кредитной карте, которые начислялись со дня смерти родственника и до момента вступления в наследство? При этом счет был заблокирован сразу в момент смерти человека и доступа к нему не было до момента вступления в наследство. Оплатить не было физической возможности."
409950,"« Здравствуйте! Вызывала в последнюю поездку такси своей бабушке. Деньги списались с моей карты. Во время поездки водитель запросил у нее еще 4000 рублей наличными, сказав, что поездка не оплачена, о чем моя бабушка не знала. Я пыталась позвонить водителю, но он не отвечает. Это мошенник. Свяжитесь с ним. Если он не вернет деньги, то мы обратимся в полицию.»"
375219,"Здравствуйте! Мне нужно обжаловать автомобильный штраф . Приложение парковки Москвы некорректно отобразило номер машины припаркованной , хотя я вводила данные автомобиля и один час оплатил я одной машины а другой с другими номерами , мне пришел штраф на 50000р за неоплаченную парковку для юридических лиц . Возможно ли обжаловать штраф . Парковка была оплачена"
410213,"В прошлом году у меня было много трат, я хочу получить компенсацию, я собрал все документы, юристы ваши сделали мне декларацию, но я ее не сдавал, так как не оплатил налоги по вкладу. В прошлом году мама мне передала часть квартиры. По этому поводу получил вчера от {{UL}} ответ, что проводится проверка, для этого они запросили декларацию, но я не хочу сейчас подавать полностью декларацию, поскольку я не оплатил налоги от банковских вкладов. Могу ли я представить только доходную часть и нужно ли указывать в этой доходной части дарственную?"
409392,"Здравствуйте, мою банковской карту {{BANK}} поставили арест из-за штрафы гибдд но я оплатил все долги, арест автоматической снимается?"
384047,"Добрый день!
Планирую покупку парковочного места в подземном паркинге. Машино-место продавца находится в общей долевой собственности и имеет долю 1/192. Продавец хочет продать эту долю в общей собственности мне - постороннему лицу. Я не имею других долей в этой общей собственности. 
Как мне купить у продавца парковочное место в виде доли? Какие документы и действия должны быть со стороны продавца и покупателя, чтобы всё было юридически законно?"
376426,"Добрый день, я в 2024 г меняла работу, и платила 13% НДФЛ, тк новая работа не учитывала доход со старой. Я так понимаю в декабре надо будет доплатить налог. Как получить налоговый вычет по иис 60 а не 52 ? Возможно ли это сейчас ?"
397708,"Добрый день. Стояла машина 3 дня на ""газоне"" во дворе, проехали и выписали 2 штрафа по 5000. Можно ли отменить хотя бы 1 штраф, т.к машина просто стояла на одном и том же месте и оба штрафа пришли в один день?"
376379,"Я хотела бы купить гараж в спб, я нахожусь в Кургане,
оказалось права собственности на гаражи практически ни у кого нет,
переоформляют через Председателя путем вступления через членскую книжку {{BANK}} общество автомобилистов.
Насколько это юридически? Что я вообще куплю? Других документов ни на землю, ни на гараж у продавца нет."
387204,"Добрый день! Необходимо составить договор сдачи  квартиры в аренду, жилое имущество, между физическими лицами"
401412,"Здравствуйте, что делать
Отдал автомобиль в автосервис для замены тех жидкостей
По итогу сожгли стартер и вину не признают"
386803,"У нас с бывшем есть потреб кредит в {{BANK}}, который оформили в браке на меня, на покупку жилого дома. Сейчас развелись. Уже как полгода уехала оттуда. Муж живет в этом доме. До развода он ежемесячно присылал деньги, чтобы гасить кредит. Завтра платеж деньги не присылаются. Он не согласен делить дом, на нотариальное соглашение по этому поводу. Какие у меня есть варианты, как себя защитить? Проживаю в Прокопьевске. Дом во Владимирской области."
378093,"Добрый день, меня зовут ***! вопрос такой. 
по автокредиту заставляют покупать Каско или освобождение от Каско. или же изменится процентная ставка. автомобиль был с пробегом. покупали в салоне. 
Законно ли это?"
393047,"Необходимо обжаловать штраф за парковку. Я являюсь инвалидом второй группы, для меня эта парковка должна была быть бесплатной."
388593,"Добрый день. Прошу вашего участия в обжаловании штрафа {{UL}}. 
Ситуация следующая. 
Мне поступило несколько штрафов за парковку, при этом я помню что в большинстве случаев я оплачивал парковку, но как позже выяснил в приложении гос номер автомобиля был введен с ошибкой. 
1) возможно ли обжаловать такие штрафы, убедив, что умысла в неуплате не было, но номер указан был другой? 
2) все штрафы пришли без фотои конкретного места нарушения. Может ли это быть причиной обжалования?"
379004,"После развода отец ребёнка подал исковое заявление - требует определить место жительства ребёнка (7 лет) с ним. При этом у отца заболевание эпилепсии, никогда не выполнял домашние обязанности дома (не может и не умеет), не занимался лечением ребёнка и не встречался с ним 1,5 года, сам периодически не работает. На какие статьи можно сослаться в иске о возражении (состояние здоровья, неспособность обслуживать ребёнка, заниматься его лечением, отсутствие постоянной работы)"
388551,"Добрый день, я покупала блок тренировок у тренера без заключения договора, оплачивая ему сумму на карту напрямую. Он уволился из клуба и остался должен мне денег, данный факт подтверждается  перепиской  в WhatsApp. Могли бы вы помочь составить досудебные претензию? И есть ли судебная перспектива данного дела?сумма долга 10 000 р"
375784,"Добрый день. У меня вопрос по КоАП.
Инспектор ДПС вынес постановление. Я его обжаловал а районный суд, который оставил постановление в силе. Вышестоящий суд отменил решение {{UL}} суда и направили его на новое рассмотрение, при этом постановление инспектора оставил в силе. Вопрос: вступает ли в силу в данном случае постановление инспектора с момента вынесения решения вышестоящим судом?
Прошу также разъяснить мне порядок обжалования постановления: жалоба в районной суд, апелляционная жалоба в вышестоящий и кассационная жалоба в кассационный, затем верховный. Прошу разъяснить мне права каждого из этих судов."
394952,"Ситуация следующая: девочка гражданка Узбекистана 17 лет живет в РФ с мамой гражданкой Узбекистана. У мамы есть патент на работу, регистрация в Г.Всеволожск, чиста перед законом. У девочки на днях заблокировали карту {{BANK}}. Сегодня она ездила в мфц подтверждать госуслуги и данные снилс и ей там сказали ехать в {{BANK}} подтверждать биометрию. В {{BANK}} ей сказали, что в связи с тем, что она несовершеннолетняя не резидентка подтвердить биометрию нет возможности. В приложении {{BANK}} написано обращаться в {{MILIT_SIGN}} по миграционным вопросам, в самом же {{BANK}} сказали посмотреть в реестре контролируемых лиц {{MILIT_SIGN}}. Придя домой она это сделала и обнаружила, что она занесена в данный реестр. Мама же ее не занесена в данный реестр. Никаких догадок о том почему девочка туда внесена - нет. Девочка с мамой недавно пересекали границу РФ (для патента мамы) и никаких сложностей с документами на границе не было. 
Помогите составить план дальнейших действий для обжалования данного статуса."
402880,"Добрый день. 
У меня вопрос касательно возможности официальной работы в РФ (гражданин РФ) и работать/числиться трудоустроенным в Казахстане, возможно не полное время. Могу ли я подрабатывать в Казахстане, если официально работаю в РФ? Не будет ли мое руководство компании в РФ против моей подработки и не уволят ли меня?"
410796,"Как оставить ребёнка ещё раз в 3 классе, чтобы учиться с её сверстниками?
Ребёнок пошёл по системе 1-3 в 6.9 лет, отучилась 2 года, сейчас ей 8 лет, перешла в 4ый класс. Начались проблемы по неврологии, списывают на сильную эмоциональную нагрузку тк дети другие дети в классе старше на год-два. В пятом классе разница до трех лет будет. В школе отказывают, говорят незаконно на 2ой год оставаться в 3 классе, успеваемость 4/5. У ребенка начался бруксизм, невролог поставил неврозо подобный синдром. 
Как оставить ребёнка ещё раз в 3 классе, чтобы учиться с её сверстниками
(8-9лет)? Школа в Москве. Общеобразовательная. К школьному психологу обращались, она не увидела проблем."
376580,Иис 3... Надо ли подавать 3 ндфл на взносы лоя вычета?? Или {{BANK}} сам подает??
400114,"Хотель узнать, возможно ли уменьшить размер алиментов на ребенка при рождении второго ребенка в другом браке. А также если ли возможность контролировать расход этих алиментов бывшей супругой"
382253,"Можно ли узаконить следующую перепланировку в новостройке:  в квартире есть ниша, где зашиты вентиляционный короб (труба) + канализация (труба)
можно ли уменьшить этот короб, чтобы сделать полки, не трогая при этом коммуникации"
398917,"Добрый день! У нашей компании заключен договор аренды здания с муниципалитетом с ноября 2023 года. Сейчас у нас появилась потребность провести газификацию здания, для устройства отопления. Одно из требования заключения договора газификации - это иметь право владения землей, по которой будет проходить врезка и прокладка линии. Мы написали в муниципалитет письмо, с просьбой заключить договор аренды на земельный участок. Они нам объяснили, что для этого надо перевести землю в вид использования, в соответствие с нашим видо деятельности. В итоге, сделали договор с начала договора аренды, хотя данного обязательства в договоре аренды нет. Есть основания не согласится с таким договором аренды земельного участка, и заключить его с даты подачи такового прошения, или с даты внесения изменения разрешенного использования земли с соответствующим видом деятельности, а это 08.07.2025 год?"
380219,"Добрый день! у меня квартира в собственности более 5 лет, покупалась за наличные. я являюсь налоговым НЕрезидентом. Какой налог я должна оплачивать при продаже квартиры, если продаю по цене дороже, чем купила? Спасибо!"
378765,"Добрый день!
Вопрос по блокировке ФЗ-115 - по физическому лицу блокировка была снята, пытаюсь открыть расчётный счёт ИП - идёт отказ по причине ограничений ФЗ 115. Подскажите как снять ограничения по ИП, порядок действий и какие необходимы документы."
380141,"Здравствуйте! Подскажите, пожалуйста, могу ли я открыть ИП и реализовывать товар чужого бренда, который купила как физ.лицо?"
378715,"Добрый день!

Приобретена недвижимость в общую совместную собственность с мужем (в договоре ДКП оба указаны покупателями), на момент покупки - брачный договор не заключен.

Каким образом можно переоформить данный объект в собственность только одного из супругов?

Насколько понимаю, возможны варианты:
с выделение доли и дарением ее, либо заключение брачного договора.
Могли бы подсказать пожалуйста, преимущества и недостатки каждого из вариантов, возможно есть рекомендации еще по другим способам оформления?"
405625,Оформление документов еа налоговый вычет за лечение супруги и ребенка
387490,"Здравствуйте. Хочу проконсультироваться по следующей ситуации.
07.04.2025 через турагентство ООО «{{UL}}» (бренд «Слетать.ру») я купила тур (вылет 08.05.2025, возврат 17.05.2025) от туроператора ООО «{{UL}}» ({{UL}}). Тур не состоялся: рейс отменили, альтернатива не была предложена. Туроператор на связь не вышел. Претензию я направила 10.05.2025, ответа не получила. Агент позже прислал заявление на возврат, но с кабальными условиями (удержание расходов и отказ от претензий). Я отказалась его подписывать и направила им свой вариант заявления без этих условий. Сегодня они ответили, что готовы принять заявление по моему образцу.
Планирую подавать иск к туроператору с требованием вернуть деньги, взыскать неустойку, моральный вред и штраф.
Вопросы:
Если я подпишу заявление на возврат по своему образцу, без отказа от претензий — может ли {{UL}} посчитать это досудебным урегулированием или расценить как отказ от иска?
Может ли это повредить взысканию неустойки или штрафа?"
373954,Как подать на раздел совместно нажитого имущества после развода
404963,"Добрый день. 
Я приобрел запчасть для автомобиля, которая после установки и диагностики не подошла, ввиду невозможности «прописать» ее в блок управления а/м. Я осуществил возврат зап/части, но продавец запросил у меня наряд заказ из сервиса, и отказывается возвращать Ден/средства"
410359,"Прошу создать заявление в суд на судебного пристава , в связи не прекращением дела по не однократным заявлениям через госуслуги. Прекращения дела в связи определением  суда Завершить конкурсное производство в отношении должника - общества с
ограниченной ответственностью «{{UL}} 666» (ИНН ***,
ОГРН ***).
Требования кредиторов, которые не были удовлетворены из-за недостаточности
конкурсной массы, считаются погашенными. Предприятия ликвидировано из ФНС
 Ответы от судебных приставов такие На № *** (***)
от 18.04.2025
***, 
Уведомление об отказе в подтверждении полномочий
25.04.2025
Ваше заявление ""Заявление о прекращении исполнительного производства"" № 61208/25
/23068 от 21.04.2025 не может быть рассмотрено, так как для данного типа заявления требуется
обязательное подтверждение полномочий заявителя, а на основании указанных в нем сведений
подтвердить их невозможно.
Судебный ***
"
396958,"Добрый день
У меня экспедиторская компания
Фактический перевозчик повредил груз моего заказчика и отказывается платить по претензии"
395417,"У меня воруют деньги, жалуюсь на спец.службы, {{MILIT_SIGN}} командует айтишниками, чтобы воровать деньги на сервере. На кого мне подавать заявление - на {{MILIT_SIGN}} как на заказчика преступления или на исполнителей?"
374356,"Здравствуйте! Помогите написать претензию на турфирму, которая предоставляла на отдыхе подводную прогулку на батискафе, во время которой батискаф потонул."
396592,"Здравствуйте. Ситуация такая. В 2000 году бабушкой моей супруги *** была приобретена квартира по договору купли продажи у ***, был сделан только договор, заверен у нотариуса, но дальше свидетельство на регистрацию бабушка не получила, сторона которая продала квартиру в замен получили другую квартиру, внучка продавца *** это не отрицает, есть переписка с ней. Сейчас с Галиной этой внучкой была устная договоренность, на нее подали в суд, так как там были долги, после того как она посетила суд она сказала что договор признали недействительным, хотя договор подписан нотариусом. Мы договорились с ней что она восстановит документы, и за то что она потратит на это время то мы все компенсируем. Сейчас когда она получила документы на квартиру, она решила ее продать по кадастровой стоимости, то есть хочет продать то что они уже продали. Какие у нас шансы на успех в суде, мы находимся на Сахалине в Углегорске."
397530,"Сегодня хотела оформить ипотеку на строительство дома, так как проверили мою кредитную историю и сказали, что у меня есть задолженности в других банках, названия банков там не прописывается. Но у меня нет никакой задолженности, ранее все оплатила. Хотела бы узнать, в каких банках есть задолженность, проанализировать мою кредитную историю"
407411,"При выполнении работ по реставрации ванны исполнитель испачкал краской кафельную плитку, очищать отказывается"
381355,"Покупаю квартиру у застройщика, открыла счет в банке {{UL}} . Прислали договор оферты, в котором указано, что должна сделать оплату. И что после этого произойдет регистрация в реестре деньги поступят на номинальный счет. Интересует безопасность такой сделки."
386133,"Какие действия по порядку чтоб развестись?
Вроде оба согласны но есть ребенок 14лет и имущество общее?"
386374,"Клиент хочет проконсультироваться по спорам с управляющей компанией. Клиент живет на 4 этаже ( он является последним) и клиента каждый раз при дожде затапливает квартиру. УК не отказывается ремонтировать, но устранить неполадку в кровле они до сих пор не могут"
404459,"Здравствуйте. 

В рамках тендерной процедуры был заключен договор и поставлен товар. У меня есть договор. Скан образы УПД и уведомления. У контрагента заблокированы счета. Со слов представителей финансовой службы заказчика было рекомендовано обратиться в суд для получения исполнительного листа. Ряд поставщиков уже получили исполнительный лист. Достаточно ли данных документов для получения исполнительного листа через арбитражный суд?"
386009,"Муж построил дом в Таиланде. Должен был оформить в собственность, но не получилось сделать из-за коронавируса. Хотел полететь в Таиланд для оформления на новый год в 2023, но погиб в дтп. В качестве наследников есть также сестра и мать. Сестра хочет подговорить мать мужа, для борьбы за наследство. Уговорила отдать оригинал договора, летала в Таиланд, нашла там местного адвоката. Прошло два с половиной года с момента смерти, адвокат советует не торопиться. Какой должен быть порядок действий, по какому законодательству получать наследство."
396858,"Необходимо оформить дарственную на мужа, хочу подарить ему свою часть в квартире"
405401,"ПРЕТЕНЗИЯ, случаи неправомерного использования товарного знака."
379518,"Добрый день!
Заполняю 3-НДФЛ (онлайн на сайте {{UL}}).
При заполнении вкладки «Доходы в пределах РФ» при реализации акций в 2024 году я отразила 2 транша акций:
i.транш, по которому был получен убыток (код 201) в связи с тем, что при приобретении акций уплачен налог с суммы матер. выгоды, превышающий сумму реализации; 
ii.транш, по которому применим вычет (код 618) – в размере суммы реализации ЦБ (владение > 3 лет). 
Вопросы:
•Далее при заполнении раздела Вычеты автоматически отражается сумма вычета по владению > 3 лет. При этом система говорит, что он не м.б. более 400 т.р. Что некорректно.
•Как учесть такой расход (код 201) при получении доходов за пределами РФ (по купонам)? Автоматически система не учитывает.
•Как зафиксировать убыток, полученный в 2024 году от реализации акций, чтобы перенести его на будущие периоды?"
408890,"Здравствуйте. Меня зовут ***, гражданка Туркменистана, нахожусь в РФ, в городе Одинцово на основании РВП по программе переселения. 25.07.2025 у моей дочери не приняли документы на ВНЖ в Миграционном центре Одинцово, по статье 53.1, пункт 7,8 «Периоды пребывания», у дочери РВП на основании диплома с отличием. Направили дочь в отдел по вопросам миграции «Одинцовское», там сказали, что подобное делают выборочно, отправили в отделение полиции «Одинцовское», написать обращение по периодам пребывания. 
Дочь обжаловала решение по ВНЖ в Администрацию Президента РФ, в {{UL}} {{BANK}} {{MILIT_SIGN}}. Ответ должен был быть в течении 30 календарных дней. Ответа пока нет. 
Сегодня 21.08.2025 в 15:30 позвонил в домофон сотрудник правоохранительных органов, поднялся и сообщил, что его отправили из службы Безопасности и как оказалось моя дочь и я нарушили Постановление 470  от 04.07.1992 г. Дали подписать дочери бумагу, о том что её права не ущемлены, а иначе будет протокол по Постановлению"
405500,"Здравствуйте! 
Ранее я обращалась по вопросу о ркл. Прошло 2 месяца, а моего супруга до сих пор не исключили из реестра, хотя сами сотрудники {{MILIT_SIGN}} говорят о том, что с документами все в порядке. Сегодня состоялся визит в {{MILIT_SIGN}} по месту прописки и сотрудник отказался от исключению из реестра из за прописки в гостинице. Настоятельно рекомендовал покидать Россию. Письменный отказ сотрудники конечно же не дали. Мы искренне не понимаем, что делать в данной ситуации, уже 2 месяца мучаемся, почти каждую неделю посещаем {{MILIT_SIGN}}, а сотрудники лишь разводят руками"
383374,"Здравствуйте 
Получил сегодня уведомление о штрафе за 12.16.5 - Несоблюдение треб.дор.знаков или разметки, запрещ. остановку или стоянку в Москве, Санкт-Петербурге от 08.05.2025 14:45:02 по адресу г. Сестрорецк, улица Токарева {{HOUSE}} 

Но дело в том, что 8 мая красный день календаря и выходной день, а знак запрещающий остановку и парковку действует на улице Токарева только по четвергам."
408384,"Входят ли в налоговые вычеты покупка лекарств и витаминов. Уточните за что именно я, имею право получать налоговые вычеты и что для этого нужно ?"
392816,"Здравствуйте, сестра работает в школе 15 лет, решила уволиться, написала заявление на отпуск 56 календарных дней, но администрация школы хочет сократить отпуск, прося написать заявление на 32 дня из-за того, что в 2011-2014 годах было взято много дней за свой счёт (90 дней)."
410154,"Здравствуйте! В продолжение ранее созданного мною обращения хотела бы кое-что уточнить. ФССП вынесла мне Постановление о сохранении прожиточного минимума ежемесячно 15.08.2025 г. Но данное Постановление со стороны приставов до сих пор так и не было направлено в Банк, хотя в самом же Постановлении оговаривается трёхдневный срок для направления этого Постановления. Я самостоятельно предоставила в Банк Постановление приставов, но Банк мне отказал в исполнении этого Постановления, т.к. им нужно, чтобы документ был заверен синей печатью (электронной подписи им недостаточно) либо чтобы они получили Постановление от самих приставов. Подскажите, как мне повлиять на судебного пристава, чтобы он разослал в Банк всё, что полагается."
381835,Необходима налоговая декларация для получения налогового вычета за дорогостоящее лечение
396859,Здравствуйте у меня патент. И у меня регистрация заканчивается 07.07.2025. Значит сегодня. Могу ли я сегодня подавать на регистрацию или я уже попал на штраф?
385855,"Добрый день! Подскажите пожалуйста как решить вопрос. Мы купили квартиру у застройщика в 2021 году, в 2022 получили ключи. Очень плохие окна оказались, кривые и дует в них.
 Еще проблема- уже полгода батареи еле греют. Обращались в {{UL}}, они присылали нам мастера 2 раза, сказал ничего не может сделать. Как нам быть? Кто должен устранить проблему?"
